{
  "Author": "IlTuoNome",
  "Name": "AetherFM",
  "InternalName": "AetherFM",
  "AssemblyVersion": "0.0.0.4",
  "Description": "In-game radio streaming for Final Fantasy XIV. Enter a stream URL and listen to your favorite radio!",
  "ApplicableVersion": "any",
  "Tags": [
    "radio",
    "streaming",
    "music",
    "ffxiv"
  ],
  "DalamudApiLevel": 12,
  "LoadRequiredState": 0,
  "LoadSync": false,
  "CanUnloadAsync": false,
  "LoadPriority": 0,
  "ImageUrls": [],
  "IconUrl": "",
  "Punchline": "Listen to radio in Eorzea!",
  "AcceptsFeedback": true,
  "Version": "0.0.0.4"
} 